setup_signature,mous_count,mous_percent,eb_count,eb_percent,eb_spw_count,eb_spw_percent,line_stat_mous_count,fully_empty_mous_count,fully_empty_mous_fraction,mean_line_fraction_percent,median_line_fraction_percent,stddev_line_fraction_percent,mean_eb_data_rate_gbps
"[WC,WC,WC,WC]",394,16.866438356164384,1047,18.834322719913654,4188,14.823204615439069,391,0,0.0,33.64680083710343,32.815119239999596,18.152288107729554,0.002297503051381819
"[CONT,CONT,CONT,CONT]",511,21.875,814,14.642921388738982,3256,11.524439882490356,511,0,0.0,21.404365000082265,17.76120413374977,10.141026521998972,0.0009797338652784197
"[WM,WM,WM,WM]",221,9.460616438356164,421,7.5733045511782695,1684,5.960428980993169,218,0,0.0,31.50460948179249,20.894788667998657,23.10693760224144,0.006876407939669641
"[CONT,CONT,CONT,WC]",147,6.292808219178082,228,4.101457096600108,912,3.2279757901815738,147,0,0.0,20.05420740237987,19.733681837461248,5.214347685989576,0.00159359387284183
"[CONT,MM,MM,MM,WM]",33,1.4126712328767124,209,3.7596690052167654,1045,3.6987222595830533,33,0,0.0,25.041599884361283,23.506037806354044,7.603642449241486,0.002300084836885602
"[MC,WC,WC,WC]",48,2.0547945205479454,164,2.9501708940456917,656,2.3218773227621847,48,0,0.0,20.68218598892054,16.03923353904762,11.531754633987704,0.00253235685714913
"[CONT,CONT,CONT,MC]",40,1.7123287671232876,154,2.770282424896564,616,2.180299437227905,40,0,0.0,21.029306937261232,18.740936108107995,8.159196530486389,0.0002560387261016539
"[MF,NF,NF,NF,NF,NF,NF,NF,NF,WM]",13,0.5565068493150684,124,2.2306170174491817,1240,4.388914451562666,13,0,0.0,41.64831010340489,28.960113337274127,27.978251020628196,0.0029923130898427087
"[MF,NF,NF,NF,NF,WM,WM]",18,0.7705479452054794,115,2.068717395214967,805,2.8492549463773758,18,0,0.0,51.44569416071794,55.54568182776491,13.42317773862646,0.005308521969098096
"[MC,MC,WC,WC]",15,0.6421232876712328,111,1.9967620075553156,444,1.5715145294305028,15,0,0.0,23.69156580406528,22.43106070755561,15.237764057228377,0.0006756838954657137
"[NF,NF,NF,NF,NF,NF,NF,WM]",26,1.1130136986301369,95,1.7089404569167117,760,2.6899798251513114,26,0,0.0,44.86865691736731,51.61301285434466,20.983622478919987,0.007272742862113963
"[CONT,CONT,CONT,WM]",21,0.898972602739726,86,1.5470408346824969,344,1.217569815594804,21,0,0.0,16.962496307743123,14.630819173332869,6.607601463642679,0.0005441921353065539
"[MF,MF,NF,NF,NF,NF,NF,NF,WM]",19,0.8133561643835616,76,1.3671523655333693,684,2.42098184263618,19,0,0.0,19.63067378152338,17.09489561662126,11.95607568552533,0.0004569917355371901
"[CONT,CONT,MM,MM]",21,0.898972602739726,73,1.313185824788631,292,1.0335185644002407,21,0,0.0,23.976879404606926,21.3945509266425,5.171131614898004,7.470458507868222e-05
"[CONT,MM,MM,MM]",6,0.2568493150684932,73,1.313185824788631,292,1.0335185644002407,6,0,0.0,16.7968012663785,16.39799254964029,2.468825133941147,0.002455082024227329
"[CONT,CONT,WC,WC]",34,1.4554794520547945,66,1.1872638963842417,264,0.934414044526245,34,0,0.0,25.701591927446305,25.050755447096794,8.122582530767637,0.0010438164387678436
"[NF,NF,NF,NF,NF,NF,NF,NF,NF,NF,NF,NF,WM]",38,1.6267123287671232,65,1.169275049469329,845,2.9908328319116553,38,0,0.0,30.384409186845904,26.343616071304844,15.795699043990199,0.015526445148638242
"[CONT,CONT,MC,MC]",29,1.2414383561643836,65,1.169275049469329,260,0.920256255972817,29,0,0.0,28.653412277436903,27.119749121703062,6.574632971636476,0.0008746910668017852
"[MF,WM,WM,WM]",37,1.5839041095890412,60,1.0793308148947653,240,0.8494673132056773,37,0,0.0,24.208287394742868,12.195438096835497,26.716671370068315,0.007742744613370428
"[NF,NF,NF,NF,NF,NF,NF,NF,WM]",22,0.9417808219178082,59,1.0613419679798526,531,1.8794464304675609,22,0,0.0,26.60601493015682,20.349470686491685,13.794669460281156,0.011251807816220762
"[WC,WC,WC,WM]",22,0.9417808219178082,52,0.9354200395754632,208,0.7362050047782537,22,0,0.0,37.66226024812109,42.381184302665,14.414076856645035,0.0014274766687857599
"[MF,MF,MF,MF,WM]",17,0.7277397260273972,44,0.7915092642561612,220,0.7786783704385375,17,0,0.0,31.248165637271367,19.772723007997396,20.948243551611444,0.00045699173553719004
"[CONT,CONT,MM,MM,WM]",29,1.2414383561643836,42,0.7555315704263357,210,0.7432838990549676,29,0,0.0,12.411180945472951,12.302599512688095,2.2365449904570482,0.004890827107438016
"[MF,NF,NF,NF,NF,NF,NF,NF,NF,NF,NF,WM]",26,1.1130136986301369,39,0.7015650296815974,468,1.6564612607510707,26,0,0.0,31.13286854620462,26.679612796199386,13.579246303137072,0.009170300826446282
"[CONT,CONT,CONT,CONT,CONT,CONT,CONT,CONT]",21,0.898972602739726,36,0.6475984889368591,276,0.9768874101865289,20,0,0.0,19.297580318806922,18.605057356562426,4.112288129732098,0.0029697289994365297
"[MM,NF,NF,NF]",6,0.2568493150684932,36,0.6475984889368591,144,0.5096803879234064,6,0,0.0,31.233087044306327,36.63756639605938,13.44753879252754,0.010098671074380165
"[MM,MM,MM,MM,MM,MM,MM,WM]",11,0.4708904109589041,34,0.6116207951070336,272,0.9627296216331009,11,0,0.0,22.36404666431108,16.095498111997767,12.867772145097293,0.0004569917355371901
"[WC,WC,WC,WC,WC]",3,0.1284246575342466,34,0.6116207951070336,136,0.48136481081655047,0,0,0.0,nan,nan,nan,0.0005433497326203209
"[MF,MF,MF,MF,MF,MM,MM,MM,MM,MM,MM,MM,MM,MM]",16,0.684931506849315,32,0.5756431012772081,448,1.585672317983931,16,0,0.0,27.46990764149999,24.865787069333905,7.289124815025467,0.0009139834710743802
"[MM,MM,WC,WC]",19,0.8133561643835616,31,0.5576542543622954,124,0.4388914451562666,19,0,0.0,27.627748720059667,25.963354928671972,15.481110562907489,0.0004569917355371901
"[MF,MF,WM,WM,WM]",16,0.684931506849315,30,0.5396654074473827,150,0.5309170707535483,16,0,0.0,13.033596711120044,12.373172506283229,4.222949515950301,0.004613839338842976
"[MM,MM,MM,MM,MM,WC]",15,0.6421232876712328,29,0.5216765605324699,174,0.6158638020741161,15,0,0.0,8.50244069343564,8.073876111240235,3.7978995202226025,0.0004569917355371901
"[NF,NF,NF,WC]",13,0.5565068493150684,28,0.5036877136175572,112,0.39641807949598273,13,0,0.0,11.034539971333711,12.77411405720721,3.501066677606825,0.0004569917355371901
"[CONT,CONT,WM,WM]",15,0.6421232876712328,27,0.48569886670264434,108,0.38226029094255476,15,0,0.0,40.609889691526746,36.55642587354933,10.967666547556659,0.009341512315595197
"[MF,MF,MF,MF]",17,0.7277397260273972,26,0.4677100197877316,104,0.36810250238912684,17,0,0.0,47.65235582933335,44.8914399680013,26.653724038490957,0.02258706291180223
"[WC,WC,WC,WC,WC,WC,WC,WC]",19,0.8133561643835616,24,0.4317323259579061,192,0.6795738505645418,18,0,0.0,42.52944047719198,38.47213261,8.800315983816166,0.002258970684039088
"[MM,NF,NF,NF,NF,NF]",4,0.17123287671232876,24,0.4317323259579061,144,0.5096803879234064,4,0,0.0,22.959421234911087,22.67516864707759,3.0900724830761996,0.0004569917355371901
"[MM,MM,MM,WM,WM]",13,0.5565068493150684,24,0.4317323259579061,120,0.4247336566028386,13,0,0.0,20.69371499471576,18.542165049906995,7.388008447434615,0.019846286359545048
"[MM,WM,WM,WM]",13,0.5565068493150684,24,0.4317323259579061,96,0.3397869252822709,13,0,0.0,34.72144501982551,35.112598924188525,9.586799824771438,0.008822504475902136
"[MC,MC,MC,WC]",11,0.4708904109589041,24,0.4317323259579061,96,0.3397869252822709,11,0,0.0,30.676390871854196,25.33654744960026,10.17956630693041,0.0017134611570247937
"[MM,MM,NF,NF,NF,NF]",5,0.21404109589041095,23,0.41374347904299336,138,0.48844370509326446,5,0,0.0,19.508406089435397,18.921082892336663,8.156605565781627,0.0011487712540424004
"[WC,WM,WM,WM]",2,0.08561643835616438,23,0.41374347904299336,92,0.32562913672884297,2,0,0.0,84.12703304133402,84.12703304133402,6.081073653333128,0.0019723498383039887
"[MF,MF,MF,MF,MF,MF]",12,0.5136986301369864,22,0.3957546321280806,132,0.4672070222631225,12,0,0.0,41.49540491748092,36.714766038664145,16.141407452372494,0.0024982214876033064
"[WC,WC,WC,WC,WC,WC]",4,0.17123287671232876,22,0.3957546321280806,88,0.311471348175415,0,0,0.0,nan,nan,nan,0.0014197902329075884
"[MF,MF,MF,WM]",5,0.21404109589041095,21,0.37776578521316784,84,0.297313559621987,5,0,0.0,28.519357835958687,17.567886106210192,18.884444273101188,0.005113229752066116
"[MM,MM,MM,NF,NF,NF,NF,NM,NM]",13,0.5565068493150684,19,0.3417880913833423,171,0.605245460659045,13,0,0.0,31.089964175268197,26.86051926175459,12.707158035856601,0.014947733707724838
"[MF,MF,MF,WM,WM]",10,0.4280821917808219,19,0.3417880913833423,95,0.3362474781439139,10,0,0.0,16.952202558815756,14.506997488594111,10.727331500880242,0.0004569917355371901
"[NF,WC,WC,WC]",14,0.5993150684931506,18,0.32379924446842956,72,0.2548401939617032,14,0,0.0,15.232772331226398,12.014533703130171,8.004341415796269,0.00045699173553719014
"[CONT,CONT,MF,MF]",6,0.2568493150684932,18,0.32379924446842956,72,0.2548401939617032,6,0,0.0,22.27720588869823,17.318080310143017,8.002686205405677,0.006270229233832475
"[MF,MF,MF,MM,MM,MM,MM,MM,MM,MM,MM,MM,WM]",5,0.21404109589041095,17,0.3058103975535168,221,0.7822178175768945,5,0,0.0,23.730010542932423,23.227858442666015,1.4308569267516509,0.0009139834710743802
"[WC,WC,WC,WC,WC,WC,WM,WM]",2,0.08561643835616438,16,0.28782155063860404,128,0.4530492337096945,2,0,0.0,43.01881282699931,43.01881282699931,1.904522555665892,0.00031418181818181827
"[CONT,MF,NF,NF,NF,NF]",12,0.5136986301369864,16,0.28782155063860404,96,0.3397869252822709,12,0,0.0,21.552053818001436,19.707475752189794,7.213702370380766,0.021327749968803024
"[MF,MF,WM,WM]",7,0.2996575342465753,16,0.28782155063860404,64,0.22652461685484726,7,0,0.0,37.696785643716964,33.83184554133572,17.473724375255888,0.014643252892561985
"[NF,NF,NF,NF,NF,WM]",3,0.1284246575342466,15,0.26983270372369134,90,0.318550242452129,3,0,0.0,19.359457895073962,17.69963020228082,3.3461553452119963,0.011369954380165291
"[CONT,CONT,CONT,MF]",4,0.17123287671232876,15,0.26983270372369134,60,0.2123668283014193,4,0,0.0,28.146607357091774,27.525188926766305,9.303662690236353,0.001531226975206612
"[MM,NF,NF,NF,NF,NF,NF]",4,0.17123287671232876,14,0.2518438568087786,98,0.3468658195589849,4,0,0.0,21.701030957339704,21.784051851472697,4.062249737303415,0.001079370956316411
"[MF,MM,MM,WM]",9,0.3852739726027397,14,0.2518438568087786,56,0.19820903974799137,9,0,0.0,34.6429864291364,35.09395485013229,14.345519965097678,0.015704302299320842
"[MF,MF,MF,MF,MF,WM,WM]",3,0.1284246575342466,13,0.2338550098938658,91,0.32208968959048595,3,0,0.0,45.5056485159103,41.581879830398876,26.04485803466022,0.033910959602227994
"[MM,MM,MM,MM,MM,MM]",4,0.17123287671232876,13,0.2338550098938658,78,0.2760768767918451,4,0,0.0,49.207714404888605,42.03062317991132,17.855673052895025,0.008181909726637
"[CONT,MF,MF,NF,NF]",1,0.04280821917808219,13,0.2338550098938658,65,0.23006406399320425,1,0,0.0,64.6377482912872,64.6377482912872,0.0,0.00035036033057851245
"[NF,NF,WM,WM]",5,0.21404109589041095,13,0.2338550098938658,52,0.18405125119456342,5,0,0.0,27.963264108520963,27.447553679575886,11.405942594939996,0.014138357294190959
"[NM,NM,NM,NM]",2,0.08561643835616438,13,0.2338550098938658,52,0.18405125119456342,2,0,0.0,26.228725202135614,26.228725202135614,3.1336815285911115,0.0022925752066115706
"[CONT,CONT,CONT,CONT,WC,WC,WC]",1,0.04280821917808219,13,0.2338550098938658,52,0.18405125119456342,0,0,0.0,nan,nan,nan,3.71305785123967e-05
"[MF,MF,MF,MF,MF,WM]",9,0.3852739726027397,12,0.21586616297895306,72,0.2548401939617032,9,0,0.0,24.14744941726339,15.484718603638731,23.949396287681513,0.0034375933884297524
"[MM,MM,MM,MM,MM,MM,MM,MM,MM,MM,MM,MM,MM]",10,0.4280821917808219,11,0.1978773160640403,143,0.5061409407850493,10,0,0.0,40.36414140168899,31.241008035110674,25.974488480281533,0.01582310232610038
"[CONT,CONT,NM,NM,NM,NM,NM,NM,NM,NM]",6,0.2568493150684932,11,0.1978773160640403,110,0.38933918521926875,6,0,0.0,48.3533826943362,49.17775394436936,3.717766375770955,0.0027785097520661157
"[NM,NM,NM,NM,WC,WC]",1,0.04280821917808219,11,0.1978773160640403,66,0.23360351113156125,1,0,0.0,80.89154043022883,80.89154043022883,0.0,0.00045699173553719004
"[NF,NF,NF,NF,NF]",4,0.17123287671232876,11,0.1978773160640403,55,0.19466959260963437,4,0,0.0,26.406555386402164,26.710694339665828,1.45464253012246,0.002041229752066116
"[WC,WC,WC,WC,WC,WC,WC,WC,WM,WM]",1,0.04280821917808219,10,0.17988846914912754,80,0.2831557710685591,0,0,0.0,nan,nan,nan,0.00031418181818181827
"[MM,MM,MM,MM,WM,WM]",4,0.17123287671232876,10,0.17988846914912754,60,0.2123668283014193,4,0,0.0,37.36598223085619,24.112243639618562,24.102558975614922,0.005959172231404959
"[NF,NF,NF,NF,NF,WC]",2,0.08561643835616438,10,0.17988846914912754,60,0.2123668283014193,2,0,0.0,16.26369496058433,16.26369496058433,0.1995865392903582,0.0004569917355371901
"[CONT,CONT,CONT,MF,MF]",3,0.1284246575342466,10,0.17988846914912754,50,0.17697235691784943,3,0,0.0,22.28063549558868,16.159036561003095,8.773150268619826,0.00013709752066115704
"[CONT,MF,MF,MF,WC]",1,0.04280821917808219,10,0.17988846914912754,50,0.17697235691784943,1,0,0.0,41.126029838959774,41.126029838959774,0.0,0.0002503933884297521
"[CONT,WC,WC,WM]",10,0.4280821917808219,10,0.17988846914912754,40,0.14157788553427955,10,0,0.0,25.85037585704914,25.3885553147541,3.896024226845407,0.009324198449226741
"[CONT,WC,WC,WC]",8,0.3424657534246575,10,0.17988846914912754,40,0.14157788553427955,8,0,0.0,28.969379870492006,28.227349855737707,7.714113023562452,0.0028306399594141235
"[MC,NF,NF,NF]",3,0.1284246575342466,10,0.17988846914912754,40,0.14157788553427955,3,0,0.0,27.67808313932984,23.90367515347741,13.837374771405468,0.006525894771295312
"[MC,MC,WC,WC,WC,WC,WC]",1,0.04280821917808219,10,0.17988846914912754,40,0.14157788553427955,0,0,0.0,nan,nan,nan,0.0022925752066115706
"[MF,MF,MF,WM,WM,WM]",8,0.3424657534246575,9,0.16189962223421478,54,0.19113014547127738,8,0,0.0,16.368139657641102,17.03683522379407,2.7280860298045093,0.0009139834710743803
"[WC,WC,WM,WM]",2,0.08561643835616438,9,0.16189962223421478,36,0.1274200969808516,2,0,0.0,34.96924670400024,34.96924670400024,6.6148091640002455,0.001680714049586777
"[MM,NM,NM,NM,NM,NM,NM,NM,NM,NM,NM,NM,NM]",4,0.17123287671232876,8,0.14391077531930202,104,0.36810250238912684,4,0,0.0,45.29241648179493,38.70612554930872,20.516569400088688,0.009170300826446282
"[CONT,MM,MM,MM,MM,MM,MM,MM,MM,MM]",6,0.2568493150684932,8,0.14391077531930202,80,0.2831557710685591,6,0,0.0,31.363329675754958,30.851062561137915,3.369462200500045,0.004593020826446282
"[WM,WM,WM,WM,WM,WM,WM,WM]",6,0.2568493150684932,8,0.14391077531930202,64,0.22652461685484726,6,0,0.0,44.88816607530509,48.302669048917764,23.493167706337196,0.01693677044569794
"[NF,NF,NF,NF,NF,NF,WC]",1,0.04280821917808219,8,0.14391077531930202,56,0.19820903974799137,1,0,0.0,26.886422734928523,26.886422734928523,0.0,0.018340601652892564
"[MM,MM,NF,NF,WM,WM]",4,0.17123287671232876,8,0.14391077531930202,48,0.16989346264113545,4,0,0.0,35.767212909430555,35.658835554678625,16.40048016369409,0.007448965289256199
"[NF,NF,NF,NF,WM]",2,0.08561643835616438,8,0.14391077531930202,40,0.14157788553427955,2,0,0.0,16.00966570575094,16.00966570575094,1.0943588366848953,0.002635319008264463
"[MM,NM,NM,NM,NM,NM,NM,NM,NM,NM,NM,WC]",1,0.04280821917808219,7,0.1259219284043893,84,0.297313559621987,1,0,0.0,28.0269080688015,28.0269080688015,0.0,0.0154748826446281
"[MF,MF,NF,NF,NF,NF,NF,NF,NF,NF,WM]",3,0.1284246575342466,7,0.1259219284043893,77,0.27253742965348815,2,0,0.0,53.23499334051131,53.23499334051131,7.613950267896911,0.009170300826446282
"[MC,MC,MC,MC]",3,0.1284246575342466,7,0.1259219284043893,28,0.09910451987399568,3,0,0.0,35.02788048888889,41.98526992533366,10.950919025397022,0.0012691041322314051
"[CONT,CONT,CONT,CONT,WC,WC]",1,0.04280821917808219,7,0.1259219284043893,28,0.09910451987399568,0,0,0.0,nan,nan,nan,0.00013709752066115704
"[MF,MF,MF,MF,MF,MF,MM,MM,MM,MM,MM,MM,MM,MM]",3,0.1284246575342466,6,0.10793308148947653,84,0.297313559621987,3,0,0.0,23.45495978488742,21.014372311997885,5.247598957861515,0.0009139834710743802
"[CONT,MM,MM,MM,MM,MM,MM,MM,MM,MM,MM]",1,0.04280821917808219,6,0.10793308148947653,66,0.23360351113156125,1,0,0.0,61.379284650381294,61.379284650381294,0.0,0.00032179834710743805
"[NF,NF,NF,NF,NF,NF,NF,NM,WM]",2,0.08561643835616438,6,0.10793308148947653,54,0.19113014547127738,2,0,0.0,37.03495864150085,37.03495864150085,7.996770837886071,0.003699094214876033
"[CONT,CONT,MM,MM,MM]",1,0.04280821917808219,6,0.10793308148947653,30,0.10618341415070966,1,0,0.0,63.41878434870451,63.41878434870451,0.0,0.00018660495867768597
"[MF,WC,WC,WC]",3,0.1284246575342466,6,0.10793308148947653,24,0.08494673132056772,3,0,0.0,11.010478614639846,9.82340208500691,7.410644003184478,0.0004569917355371901
"[CONT,MF,MF,MF]",1,0.04280821917808219,6,0.10793308148947653,24,0.08494673132056772,1,0,0.0,20.666911077213975,20.666911077213975,0.0,0.001872269752066116
"[MC,MC,WC,WC,WC]",1,0.04280821917808219,6,0.10793308148947653,24,0.08494673132056772,0,0,0.0,nan,nan,nan,0.002574891089108911
"[NF,NF,NF,NF,NF,NF,NF,NF,NF,NF,WM]",2,0.08561643835616438,5,0.08994423457456377,55,0.19466959260963437,2,0,0.0,30.142293452740752,30.142293452740752,6.87960593277761,0.02403231683168317
"[MM,MM,NM,NM,NM,NM,NM,NM,NM,NM,WC]",1,0.04280821917808219,5,0.08994423457456377,55,0.19466959260963437,1,0,0.0,25.205155506818013,25.205155506818013,0.0,0.009170300826446284
"[CONT,CONT,MF,MF,MF,MF]",3,0.1284246575342466,5,0.08994423457456377,30,0.10618341415070966,3,0,0.0,25.199888656121434,26.253574406713014,1.698574940971697,0.00024372892561983468
"[NF,NF,NF,WM,WM]",1,0.04280821917808219,5,0.08994423457456377,25,0.08848617845892472,1,0,0.0,4.507148538635444,4.507148538635444,0.0,0.0009139834710743802
"[MM,WC,WC,WC]",3,0.1284246575342466,5,0.08994423457456377,20,0.07078894276713978,3,0,0.0,10.98506214071798,9.87847034748698,2.1256364136941626,0.002463947107438017
"[MM,MM,NF,NF]",2,0.08561643835616438,5,0.08994423457456377,20,0.07078894276713978,2,0,0.0,30.3901394728093,30.3901394728093,14.576751983601394,0.005731438016528927
"[WC,WC,WC,WC,WM]",1,0.04280821917808219,5,0.08994423457456377,20,0.07078894276713978,0,0,0.0,nan,nan,nan,0.00015709090909090908
"[WM,WM,WM,WM,WM,WM,WM,WM,WM,WM,WM,WM,WM,WM,WM,WM,WM,WM,WM,WM]",4,0.17123287671232876,4,0.07195538765965101,80,0.2831557710685591,4,0,0.0,30.780298214399515,29.761192261465496,5.26523754855824,0.080240132231405
"[MM,MM,MM,MM,MM,MM,WM,WM]",2,0.08561643835616438,4,0.07195538765965101,32,0.11326230842742363,1,0,0.0,71.93671567111328,71.93671567111328,0.0,0.004813646280991736
"[MM,MM,MM,NM,NM,NM,NM]",1,0.04280821917808219,4,0.07195538765965101,28,0.09910451987399568,1,0,0.0,73.35573687344296,73.35573687344296,0.0,0.0004569917355371901
"[MF,NF,NF,NF,NF,WM]",2,0.08561643835616438,4,0.07195538765965101,24,0.08494673132056772,2,0,0.0,23.384033750768864,23.384033750768864,9.34784640244043,0.018340601652892564
"[MM,MM,WM,WM,WM]",2,0.08561643835616438,4,0.07195538765965101,20,0.07078894276713978,2,0,0.0,26.919753871999106,26.919753871999106,1.352280709330648,0.03674193377483444
"[CONT,MC,MC,WC,WC]",1,0.04280821917808219,4,0.07195538765965101,20,0.07078894276713978,1,0,0.0,29.54436610360708,29.54436610360708,0.0,0.007030563966942148
"[CONT,CONT,CONT,MM]",2,0.08561643835616438,4,0.07195538765965101,16,0.056631154213711815,2,0,0.0,13.701543616891058,13.701543616891058,1.1454358749103077,0.0003178948760330579
"[CONT,CONT,WC,WM]",2,0.08561643835616438,4,0.07195538765965101,16,0.056631154213711815,2,0,0.0,34.26943546580594,34.26943546580594,12.222296050322306,0.0016647193388429752
"[WC,WC,WC,WC,WC,WC,WC]",1,0.04280821917808219,4,0.07195538765965101,16,0.056631154213711815,0,0,0.0,nan,nan,nan,5.712396694214876e-05
"[WC,WC,WC,WC,WC,WC,WC,WC,WC,WC,WC,WC,WC,WC,WC,WC,WC,WC,WC,WC]",3,0.1284246575342466,3,0.053966540744738264,60,0.2123668283014193,3,0,0.0,32.49257176515564,33.33286119013342,4.352924965450767,0.017165940594059403
"[MF,MF,MF,NF,NF,NF,NF,NF,NF,WM]",2,0.08561643835616438,3,0.053966540744738264,30,0.10618341415070966,2,0,0.0,20.731049906698473,20.731049906698473,1.668315674971467,0.016048026446280995
"[MF,MF,MF,MF,MF,MF,MF,MF]",2,0.08561643835616438,3,0.053966540744738264,24,0.08494673132056772,2,0,0.0,49.710671000373885,49.710671000373885,2.768377337907367,0.0007997355371900829
"[MF,MF,MF,MF,MF,MF,MF]",3,0.1284246575342466,3,0.053966540744738264,21,0.07432838990549676,3,0,0.0,37.759759944538196,39.14721783894271,3.9221837803520887,0.0009139834710743802
"[MF,WF,WF,WF]",2,0.08561643835616438,3,0.053966540744738264,12,0.04247336566028386,2,0,0.0,24.382636514129167,24.382636514129167,6.152803339091667,0.018340601652892564
"[CONT,CONT,NF,NF]",1,0.04280821917808219,3,0.053966540744738264,12,0.04247336566028386,1,0,0.0,21.729233654547016,21.729233654547016,0.0,0.00434870495049505
"[MC,WM,WM,WM]",1,0.04280821917808219,3,0.053966540744738264,12,0.04247336566028386,1,0,0.0,92.14238981028552,92.14238981028552,0.0,0.022315722772277228
"[MF,MF,MF,MF,MM,MM,MM,MM,MM,MM,MM,MM,WM]",2,0.08561643835616438,2,0.035977693829825505,26,0.09202562559728171,2,0,0.0,85.76226061629448,85.76226061629448,6.2239206838530805,0.009170300826446284
"[MM,MM,MM,MM,MM,MM,MM,MM,NF,NF,NF,NF,WM]",2,0.08561643835616438,2,0.035977693829825505,26,0.09202562559728171,2,0,0.0,82.79772997594623,82.79772997594623,4.623687169727852,0.009170300826446284
"[MF,MF,MF,MF,MF,MF,MF,NF,NF,NF,NF,WM]",2,0.08561643835616438,2,0.035977693829825505,24,0.08494673132056772,1,0,0.0,87.98021978248366,87.98021978248366,0.0,0.00859715702479339
"[MF,MF,MF,MF,MF,MF,MF,WF]",2,0.08561643835616438,2,0.035977693829825505,16,0.056631154213711815,2,0,0.0,27.153810982101938,27.153810982101938,0.1254980861011905,0.011462876033057852
"[MF,MF,WM,WM,WM,WM,WM,WM]",1,0.04280821917808219,2,0.035977693829825505,16,0.056631154213711815,1,0,0.0,8.804111211392787,8.804111211392787,0.0,0.0009139834710743802
"[WF,WF,WM,WM,WM,WM,WM,WM]",1,0.04280821917808219,2,0.035977693829825505,16,0.056631154213711815,1,0,0.0,39.60935206600179,39.60935206600179,0.0,0.02258970684039088
"[MF,MF,MF,MF,MF,MF,WM]",1,0.04280821917808219,2,0.035977693829825505,14,0.04955225993699784,1,0,0.0,68.11053047466518,68.11053047466518,0.0,0.03674193377483444
"[NF,NF,NF,NF,WC,WC]",2,0.08561643835616438,2,0.035977693829825505,12,0.04247336566028386,2,0,0.0,44.96642000607763,44.96642000607763,8.995694222020092,0.0004569917355371901
"[MF,MF,MF,MF,MF]",1,0.04280821917808219,2,0.035977693829825505,10,0.03539447138356989,1,0,0.0,82.29909191999838,82.29909191999838,0.0,0.018340601652892564
"[MF,MF,NF,NF,WM]",1,0.04280821917808219,2,0.035977693829825505,10,0.03539447138356989,1,0,0.0,40.871974567438514,40.871974567438514,0.0,0.008024013223140497
"[CONT,MF,MF,WF]",2,0.08561643835616438,2,0.035977693829825505,8,0.028315577106855908,2,0,0.0,39.816998203167856,39.816998203167856,17.01675522878049,0.010469426776859504
"[MM,MM,MM,MM]",2,0.08561643835616438,2,0.035977693829825505,8,0.028315577106855908,2,0,0.0,76.11802876200764,76.11802876200764,0.482649792670081,0.009170300826446282
"[CONT,CONT,WC,WC,WC,WC]",1,0.04280821917808219,2,0.035977693829825505,8,0.028315577106855908,0,0,0.0,nan,nan,nan,0.0010125540495867769
"[MF,MF,MM,WM]",1,0.04280821917808219,2,0.035977693829825505,8,0.028315577106855908,1,0,0.0,51.7048028068564,51.7048028068564,0.0,0.03511412658227848
"[NF,NF,WC,WC]",1,0.04280821917808219,2,0.035977693829825505,8,0.028315577106855908,1,0,0.0,64.4093794518801,64.4093794518801,0.0,0.02746550495049505
"[WM,WM,WM,WM,WM]",1,0.04280821917808219,2,0.035977693829825505,8,0.028315577106855908,0,0,0.0,nan,nan,nan,0.009170300826446282
"[WC,WC,WC]",1,0.04280821917808219,2,0.035977693829825505,6,0.02123668283014193,1,0,0.0,39.722185912888456,39.722185912888456,0.0,0.000859715702479339
"[MM,MM,MM,MM,MM,MM,MM,MM,MM,MM,MM,MM,MM,MM,MM,MM,MM,MM,MM,MM]",1,0.04280821917808219,1,0.017988846914912753,20,0.07078894276713978,1,0,0.0,2.7862401909331056,2.7862401909331056,0.0,0.09170300826446286
"[MM,MM,MM,MM,MM,MM,MM,MM,MM,MM,MM,MM,MM,MM,MM,MM]",1,0.04280821917808219,1,0.017988846914912753,16,0.056631154213711815,1,0,0.0,24.071883792000122,24.071883792000122,0.0,0.07336240661157027
"[WM,WM,WM,WM,WM,WM,WM,WM,WM,WM,WM,WM,WM,WM,WM,WM]",1,0.04280821917808219,1,0.017988846914912753,16,0.056631154213711815,1,0,0.0,40.92191346600032,40.92191346600032,0.0,0.07336240661157027
"[MM,MM,MM,MM,MM,MM,MM,MM,MM,MM,MM,MM]",1,0.04280821917808219,1,0.017988846914912753,12,0.04247336566028386,1,0,0.0,44.04837944746745,44.04837944746745,0.0,0.01834060165289257
"[WC,WC,WC,WC,WM,WM,WM,WM,WM,WM,WM,WM]",1,0.04280821917808219,1,0.017988846914912753,12,0.04247336566028386,0,0,0.0,nan,nan,nan,0.02710764820846906
"[CONT,CONT,CONT,CONT,CONT,CONT,WC,WC]",1,0.04280821917808219,1,0.017988846914912753,8,0.028315577106855908,1,0,0.0,29.167579507937283,29.167579507937283,0.0,0.0014683309446254075
"[WF,WF,WF,WF,WF,WF,WF,WF]",1,0.04280821917808219,1,0.017988846914912753,8,0.028315577106855908,1,0,0.0,7.8147858153344725,7.8147858153344725,0.0,0.036143530944625406
"[MF,MF,MF,MM,MM,NF,NF]",1,0.04280821917808219,1,0.017988846914912753,7,0.02477612996849892,1,0,0.0,33.58548052541533,33.58548052541533,0.0,0.0004569917355371901
"[NF,NF,NF,NF,NF,NF,WM]",1,0.04280821917808219,1,0.017988846914912753,7,0.02477612996849892,1,0,0.0,6.113766492462718,6.113766492462718,0.0,0.018340601652892564
"[CONT,CONT,CONT,CONT,CONT,CONT]",1,0.04280821917808219,1,0.017988846914912753,6,0.02123668283014193,0,0,0.0,nan,nan,nan,0.0027063570731707324
"[MF,MF,MF,MF,WM,WM]",1,0.04280821917808219,1,0.017988846914912753,6,0.02123668283014193,1,0,0.0,41.787649083262444,41.787649083262444,0.0,0.02746550495049505
"[MF,MF,MF,MM,WM,WM]",1,0.04280821917808219,1,0.017988846914912753,6,0.02123668283014193,1,0,0.0,65.96150942339352,65.96150942339352,0.0,0.00773744132231405
"[MF,NF,NF,NF,WM,WM]",1,0.04280821917808219,1,0.017988846914912753,6,0.02123668283014193,1,0,0.0,20.178247485405176,20.178247485405176,0.0,0.022315722772277228
"[CONT,MF,MF,NF,WM]",1,0.04280821917808219,1,0.017988846914912753,5,0.017697235691784944,1,0,0.0,20.080835084466962,20.080835084466962,0.0,0.005311132561983471
"[CONT,MF,MM,MM,MM]",1,0.04280821917808219,1,0.017988846914912753,5,0.017697235691784944,1,0,0.0,23.363967274801517,23.363967274801517,0.0,0.00046460826446281
"[CONT,MM,MM,MM,MM]",1,0.04280821917808219,1,0.017988846914912753,5,0.017697235691784944,1,0,0.0,19.52949346723217,19.52949346723217,0.0,0.00023611239669421488
"[MF,MF,WC,WC,WC]",1,0.04280821917808219,1,0.017988846914912753,5,0.017697235691784944,1,0,0.0,62.24730324309531,62.24730324309531,0.0,0.011462876033057852
"[MF,MF,WC,WC,WM]",1,0.04280821917808219,1,0.017988846914912753,5,0.017697235691784944,1,0,0.0,62.85279995733386,62.85279995733386,0.0,0.013755451239669422
"[MM,MM,WM,WM]",1,0.04280821917808219,1,0.017988846914912753,4,0.014157788553427954,1,0,0.0,20.691479385601564,20.691479385601564,0.0,0.005731438016528926
"[NF,WM,WM,WM]",1,0.04280821917808219,1,0.017988846914912753,4,0.014157788553427954,1,0,0.0,29.8762399663395,29.8762399663395,0.0,0.007450869421487603
